<Customization level="" description="" product-version="20.206">
    <File AppRelativePath="App_Themes\Solarized\00_Controls.css" />
    <File AppRelativePath="App_Themes\Solarized\00_Controls.css.old" />
    <File AppRelativePath="App_Themes\Solarized\AppControls.skin" />
    <File AppRelativePath="App_Themes\Solarized\Base.skin" />
    <File AppRelativePath="App_Themes\Solarized\Containers.skin" />
    <File AppRelativePath="App_Themes\Solarized\Dashboard.skin" />
    <File AppRelativePath="App_Themes\Solarized\DataSource.skin" />
    <File AppRelativePath="App_Themes\Solarized\Grid.skin" />
    <File AppRelativePath="App_Themes\Solarized\Images\acumatica.gif" />
    <File AppRelativePath="App_Themes\Solarized\Images\acumatica.ico" />
    <File AppRelativePath="App_Themes\Solarized\Images\Chart\bar1.gif" />
    <File AppRelativePath="App_Themes\Solarized\Images\Chart\bar2.gif" />
    <File AppRelativePath="App_Themes\Solarized\Images\Chart\column1.gif" />
    <File AppRelativePath="App_Themes\Solarized\Images\Chart\column2.gif" />
    <File AppRelativePath="App_Themes\Solarized\Images\Chart\funnel.gif" />
    <File AppRelativePath="App_Themes\Solarized\Images\Chart\legend.gif" />
    <File AppRelativePath="App_Themes\Solarized\Images\Chart\lens.gif" />
    <File AppRelativePath="App_Themes\Solarized\Images\Chart\line1.gif" />
    <File AppRelativePath="App_Themes\Solarized\Images\Chart\pie1.gif" />
    <File AppRelativePath="App_Themes\Solarized\Images\Chart\wiz_bar.png" />
    <File AppRelativePath="App_Themes\Solarized\Images\Chart\wiz_bar_stack.png" />
    <File AppRelativePath="App_Themes\Solarized\Images\Chart\wiz_column.png" />
    <File AppRelativePath="App_Themes\Solarized\Images\Chart\wiz_column_stack.png" />
    <File AppRelativePath="App_Themes\Solarized\Images\Chart\wiz_funnel.png" />
    <File AppRelativePath="App_Themes\Solarized\Images\Chart\wiz_line.png" />
    <File AppRelativePath="App_Themes\Solarized\Images\Chart\wiz_pie.png" />
    <File AppRelativePath="App_Themes\Solarized\Images\dragIcon.gif" />
    <File AppRelativePath="App_Themes\Solarized\Images\dragIconH.gif" />
    <File AppRelativePath="App_Themes\Solarized\Images\error.gif" />
    <File AppRelativePath="App_Themes\Solarized\Images\Extensions\binary.gif" />
    <File AppRelativePath="App_Themes\Solarized\Images\Extensions\cer.gif" />
    <File AppRelativePath="App_Themes\Solarized\Images\Extensions\doc.gif" />
    <File AppRelativePath="App_Themes\Solarized\Images\Extensions\gif.gif" />
    <File AppRelativePath="App_Themes\Solarized\Images\Extensions\Image.gif" />
    <File AppRelativePath="App_Themes\Solarized\Images\Extensions\jpg.gif" />
    <File AppRelativePath="App_Themes\Solarized\Images\Extensions\mdb.gif" />
    <File AppRelativePath="App_Themes\Solarized\Images\Extensions\msi.gif" />
    <File AppRelativePath="App_Themes\Solarized\Images\Extensions\pdf.gif" />
    <File AppRelativePath="App_Themes\Solarized\Images\Extensions\pfx.gif" />
    <File AppRelativePath="App_Themes\Solarized\Images\Extensions\ppt.gif" />
    <File AppRelativePath="App_Themes\Solarized\Images\Extensions\rar.gif" />
    <File AppRelativePath="App_Themes\Solarized\Images\Extensions\sql.gif" />
    <File AppRelativePath="App_Themes\Solarized\Images\Extensions\txt.gif" />
    <File AppRelativePath="App_Themes\Solarized\Images\Extensions\xls.gif" />
    <File AppRelativePath="App_Themes\Solarized\Images\GroupBox\leftBottom.gif" />
    <File AppRelativePath="App_Themes\Solarized\Images\GroupBox\leftTop.gif" />
    <File AppRelativePath="App_Themes\Solarized\Images\GroupBox\linePoint.gif" />
    <File AppRelativePath="App_Themes\Solarized\Images\GroupBox\rightBottom.gif" />
    <File AppRelativePath="App_Themes\Solarized\Images\GroupBox\rightTop.gif" />
    <File AppRelativePath="App_Themes\Solarized\Images\h1-1.jpg" />
    <File AppRelativePath="App_Themes\Solarized\Images\h1-2.jpg" />
    <File AppRelativePath="App_Themes\Solarized\Images\info.gif" />
    <File AppRelativePath="App_Themes\Solarized\Images\legend.gif" />
    <File AppRelativePath="App_Themes\Solarized\Images\lens.png" />
    <File AppRelativePath="App_Themes\Solarized\Images\logo.png" />
    <File AppRelativePath="App_Themes\Solarized\Images\menu_separator.gif" />
    <File AppRelativePath="App_Themes\Solarized\Images\Message\error.gif" />
    <File AppRelativePath="App_Themes\Solarized\Images\Message\error2.gif" />
    <File AppRelativePath="App_Themes\Solarized\Images\Message\information.gif" />
    <File AppRelativePath="App_Themes\Solarized\Images\Message\question.gif" />
    <File AppRelativePath="App_Themes\Solarized\Images\Message\warning.gif" />
    <File AppRelativePath="App_Themes\Solarized\Images\OutlookHelp.png" />
    <File AppRelativePath="App_Themes\Solarized\Images\OutlookLogOut.png" />
    <File AppRelativePath="App_Themes\Solarized\Images\parent_cc.svg" />
    <File AppRelativePath="App_Themes\Solarized\Images\spinner.gif" />
    <File AppRelativePath="App_Themes\Solarized\Images\spinnerSmall.gif" />
    <File AppRelativePath="App_Themes\Solarized\Images\split_dotH.gif" />
    <File AppRelativePath="App_Themes\Solarized\Images\split_dotV.gif" />
    <File AppRelativePath="App_Themes\Solarized\Images\sprite_control5.png" />
    <File AppRelativePath="App_Themes\Solarized\Images\sprite_main5.png" />
    <File AppRelativePath="App_Themes\Solarized\Images\sprite_text5.gif" />
    <File AppRelativePath="App_Themes\Solarized\Images\sprite_tree5.png" />
    <File AppRelativePath="App_Themes\Solarized\Images\subdirectory_arrow_right_cc.svg" />
    <File AppRelativePath="App_Themes\Solarized\Images\tb_separator.gif" />
    <File AppRelativePath="App_Themes\Solarized\Images\Tree\lineB.png" />
    <File AppRelativePath="App_Themes\Solarized\Images\Tree\lineI.png" />
    <File AppRelativePath="App_Themes\Solarized\Images\Tree\lineM.png" />
    <File AppRelativePath="App_Themes\Solarized\Images\Tree\lineT.png" />
    <File AppRelativePath="App_Themes\Solarized\Images\Tree\LineTT.png" />
    <File AppRelativePath="App_Themes\Solarized\Images\user_disabled.gif" />
    <File AppRelativePath="App_Themes\Solarized\Images\user_lockout.gif" />
    <File AppRelativePath="App_Themes\Solarized\Images\user_offline.gif" />
    <File AppRelativePath="App_Themes\Solarized\Images\user_online.gif" />
    <File AppRelativePath="App_Themes\Solarized\Images\warning.gif" />
    <File AppRelativePath="App_Themes\Solarized\Images\Wiki\binary.gif" />
    <File AppRelativePath="App_Themes\Solarized\Images\Wiki\ExternalLink.gif" />
    <File AppRelativePath="App_Themes\Solarized\Images\Wiki\hinttable.gif" />
    <File AppRelativePath="App_Themes\Solarized\Images\Wiki\info.gif" />
    <File AppRelativePath="App_Themes\Solarized\Images\Wiki\info.png" />
    <File AppRelativePath="App_Themes\Solarized\Images\Wiki\revisions.gif" />
    <File AppRelativePath="App_Themes\Solarized\Images\Wiki\rss.gif" />
    <File AppRelativePath="App_Themes\Solarized\Images\Wiki\warn.gif" />
    <File AppRelativePath="App_Themes\Solarized\Images\Wiki\warn.png" />
    <File AppRelativePath="App_Themes\Solarized\Images\WikiSite\ExternalLink.gif" />
    <File AppRelativePath="App_Themes\Solarized\Images\WikiSite\logo_bug_small.gif" />
    <File AppRelativePath="App_Themes\Solarized\Images\WikiSite\more_arrow.gif" />
    <File AppRelativePath="App_Themes\Solarized\Images\WikiSite\revisions.gif" />
    <File AppRelativePath="App_Themes\Solarized\Images\WikiSite\round_button.gif" />
    <File AppRelativePath="App_Themes\Solarized\Images\wnd_border.gif" />
    <File AppRelativePath="App_Themes\Solarized\Navigation.skin" />
    <File AppRelativePath="Content\SiteSolarized.css" />
</Customization>